SN,Date,Reference,Narration,Debit,Credit,Balance
"1","2021-03-20 12:13","23881817923","Funding of wallet (5318828307) with the sum of N100","0","100","100"
"2","2021-03-20 12:13","23884375563","Funding of wallet (7811940329) with the sum of N100","100","0","0"
"3","2021-03-23 11:00","16493600734","R-92610000000000000/null null","0","200","200"
"4","2021-03-23 11:00","16493600734","R-92610000000000000/null null","220","0","-220"
"5","2021-03-23 11:00","16493600840","R-82380000000000000/null null","0","108","-112"
"6","2021-03-23 11:00","16493600840","R-82380000000000000/null null","128","0","-128"
"7","2021-03-23 11:00","16493600863","R-82360000000000000/null null","0","200","88"
"8","2021-03-23 11:00","16493600863","R-82360000000000000/null null","220","0","-348"
"9","2021-03-23 11:00","16493600872","R-9100000180/null null","0","60.75","260.75"
"10","2021-03-23 11:00","16493600872","R-9100000180/null null","60.75","0","27.25"
"11","2021-03-23 11:00","16493600905","R-9100000017/null null","0","108","108"
"12","2021-03-23 11:00","16493600905","R-9100000017/null null","158","0","-130.75"
"13","2021-03-23 11:00","16493600912","R-9100000016/null null","1050","0","-1180.75"
"14","2021-03-23 11:00","16493600920","R-8100000015/null null","0","108","-1072.75"
"15","2021-03-23 11:00","16493600920","R-8100000015/null null","158","0","102.75"
"16","2021-03-23 11:00","16493600926","R-8100000014/null null","0","1000","-72.75"
"17","2021-03-23 11:00","16493600926","R-8100000014/null null","1050","0","-947.25"
"18","2021-03-23 11:00","16493600934","R-92640000000000000/null null","0","108","216"
"19","2021-03-23 11:00","16493600934","R-92640000000000000/null null","128","0","-200.75"
"20","2021-03-23 11:00","16493600940","R-9100000534/null null","0","108","324"
"21","2021-03-23 11:00","16493600940","R-9100000534/null null","128","0","-328.75"
"22","2021-03-23 11:00","16493600968","R-9100000533/null null","0","50","-897.25"
"23","2021-03-23 11:00","16493600968","R-9100000533/null null","70","0","-398.75"
"24","2021-03-23 11:00","16493601048","R-8100000169/null null","0","14000000","13999601.25"
"25","2021-03-23 11:00","16493601048","R-8100000169/null null","14000050","0","-14000947.25"
"26","2021-03-23 11:00","16493601076","R-9100000181/null null","0","108","432"
"27","2021-03-23 11:00","16493601076","R-9100000181/null null","108","0","13999493.25"
"28","2021-03-23 11:00","16493601113","R-8100000170/null null","0","108","13999601.25"
"29","2021-03-23 11:00","16493601113","R-8100000170/null null","158","0","-14001105.25"
"30","2021-03-23 11:00","16493601193","R-9100000328/null null","30100","0","13969501.25"
"31","2021-03-23 11:00","16493601247","R-9100000320/null null","30200","0","13939301.25"
"32","2021-03-23 11:00","16493601270","R-8100000461/null null","0","108","13939409.25"
"33","2021-03-23 11:00","16493601270","R-8100000461/null null","108","0","-108"
"34","2021-03-23 11:00","16493601287","R-8100000358/null null","0","30100","13969509.25"
"35","2021-03-23 11:00","16493601287","R-8100000358/null null","30100","0","-30208"
"36","2021-03-23 11:00","16493601306","R-8100000426/null null","0","30100","13999609.25"
"37","2021-03-23 11:00","16493601306","R-8100000426/null null","30100","0","-60308"
"38","2021-03-23 11:00","16493601340","R-9100000155/null null","0","100","100"
"39","2021-03-23 11:00","16493601340","R-9100000155/null null","150","0","13999459.25"
"40","2021-03-23 11:00","16493601358","R-9100000261/null null","30100","0","13969359.25"
"41","2021-03-23 11:00","16493601388","R-8100000006/null null","0","250","13969609.25"
"42","2021-03-23 11:00","16493601388","R-8100000006/null null","300","0","-14001405.25"
"43","2021-03-23 11:00","16493601397","R-8100000054/null null","0","2000","13971609.25"
"44","2021-03-23 11:00","16493601397","R-8100000054/null null","2050","0","-14003455.25"
"45","2021-03-23 11:00","16493601407","R-9100000026/null null","150","0","13971459.25"
"46","2021-03-23 11:00","16493601432","R-9100000129/null null","0","1010.75","-14002444.5"
"47","2021-03-23 11:00","16493601432","R-9100000129/null null","1010.75","0","13970448.5"
"48","2021-03-23 11:00","16493601448","R-8100000209/null null","0","500","13970948.5"
"49","2021-03-23 11:00","16493601448","R-8100000209/null null","550","0","-14002994.5"
"50","2021-03-23 11:00","16493601474","R-98280000000000000/null null","0","500","600"
"51","2021-03-23 11:00","16493601474","R-98280000000000000/null null","550","0","13970398.5"
"52","2021-03-23 11:00","16493601481","R-8100000110/null null","0","100","13970498.5"
"53","2021-03-23 11:00","16493601481","R-8100000110/null null","100","0","-14003094.5"
"54","2021-03-23 11:00","16493601490","R-8100000121/null null","0","100","13970598.5"
"55","2021-03-23 11:00","16493601490","R-8100000121/null null","100","0","-14003194.5"
"56","2021-03-23 11:00","16493601550","R-8100000000/null null","0","100","13970698.5"
"57","2021-03-23 11:00","16493601550","R-8100000000/null null","150","0","-14003344.5"
"58","2021-03-23 11:00","16493601588","R-9100000232/null null","0","108","540"
"59","2021-03-23 11:00","16493601588","R-9100000232/null null","158","0","13970540.5"
"60","2021-03-23 11:00","16493601611","R-83650000000000000/null null","0","500","13971040.5"
"61","2021-03-23 11:00","16493601611","R-83650000000000000/null null","550","0","-14003894.5"
"62","2021-03-23 11:00","16493601617","R-8100000422/null null","0","30100","14001140.5"
"63","2021-03-23 11:00","16493601617","R-8100000422/null null","30100","0","-90408"
"64","2021-03-23 11:00","16493601623","R-8100000390/null null","0","30100","14031240.5"
"65","2021-03-23 11:00","16493601623","R-8100000390/null null","30100","0","-120508"
"66","2021-03-23 11:00","16493601630","R-8100000406/null null","0","30100","14061340.5"
"67","2021-03-23 11:00","16493601630","R-8100000406/null null","30100","0","-150608"
"68","2021-03-23 11:00","16493601644","R-9100000336/null null","30100","0","14031240.5"
"69","2021-03-23 11:00","16493601664","R-8100000528/null null","0","108","14031348.5"
"70","2021-03-23 11:00","16493601664","R-8100000528/null null","108","0","-150716"
"71","2021-03-23 11:00","16493601676","R-8100000378/null null","0","30100","14061448.5"
"72","2021-03-23 11:00","16493601676","R-8100000378/null null","30100","0","-180816"
"73","2021-03-23 11:00","16493601688","R-8100000386/null null","0","30100","14091548.5"
"74","2021-03-23 11:00","16493601688","R-8100000386/null null","30100","0","-210916"
"75","2021-03-23 11:00","16493601699","R-8100000370/null null","0","30100","14121648.5"
"76","2021-03-23 11:00","16493601699","R-8100000370/null null","30100","0","-241016"
"77","2021-03-23 11:00","16493601714","R-8100000512/null null","0","30000","14151648.5"
"78","2021-03-23 11:00","16493601714","R-8100000512/null null","30000","0","-30000"
"79","2021-03-23 11:00","16493601736","R-8100000469/null null","0","108","14151756.5"
"80","2021-03-23 11:00","16493601736","R-8100000469/null null","108","0","-241124"
"81","2021-03-23 11:00","16493601742","R-8100000399/null null","0","100","14151856.5"
"82","2021-03-23 11:00","16493601742","R-8100000399/null null","100","0","-241224"
"83","2021-03-23 11:00","16493601749","R-8100000449/null null","0","108","14151964.5"
"84","2021-03-23 11:00","16493601749","R-8100000449/null null","108","0","-241332"
"85","2021-03-23 11:00","16493601755","R-8100000457/null null","0","108","14152072.5"
"86","2021-03-23 11:00","16493601755","R-8100000457/null null","108","0","-241440"
"87","2021-03-23 11:00","16493601760","R-8100000414/null null","0","30100","14182172.5"
"88","2021-03-23 11:00","16493601760","R-8100000414/null null","30100","0","-271540"
"89","2021-03-23 11:00","16493601767","R-9100000424/null null","30100","0","14152072.5"
"90","2021-03-23 11:00","16493601797","R-8100000423/null null","0","100","14152172.5"
"91","2021-03-23 11:00","16493601797","R-8100000423/null null","100","0","-271640"
"92","2021-03-23 11:00","16493601820","R-9100000405/null null","0","100","640"
"93","2021-03-23 11:00","16493601820","R-9100000405/null null","100","0","14152072.5"
"94","2021-03-23 11:00","16493601845","R-9100000404/null null","30100","0","14121972.5"
"95","2021-03-23 11:00","16493601875","R-8100000403/null null","0","100","14122072.5"
"96","2021-03-23 11:00","16493601875","R-8100000403/null null","100","0","-271740"
"97","2021-03-23 11:00","16493601892","R-8100000402/null null","0","30100","14152172.5"
"98","2021-03-23 11:00","16493601892","R-8100000402/null null","30100","0","-301840"
"99","2021-03-23 11:00","16493601898","R-9100000393/null null","0","100","740"
"100","2021-03-23 11:00","16493601898","R-9100000393/null null","100","0","14152072.5"
"101","2021-03-23 11:00","16493601915","R-9100000392/null null","30100","0","14121972.5"
"102","2021-03-23 11:00","16493601921","R-8100000391/null null","0","100","14122072.5"
"103","2021-03-23 11:00","16493601921","R-8100000391/null null","100","0","-301940"
"104","2021-03-23 11:00","16493601925","R-9100000413/null null","0","100","840"
"105","2021-03-23 11:00","16493601925","R-9100000413/null null","100","0","14121972.5"
"106","2021-03-23 11:00","16493601930","R-9100000412/null null","30100","0","14091872.5"
"107","2021-03-23 11:00","16493601935","R-8100000411/null null","0","100","14091972.5"
"108","2021-03-23 11:00","16493601935","R-8100000411/null null","100","0","-302040"
"109","2021-03-23 11:00","16493601939","R-8100000410/null null","0","30100","14122072.5"
"110","2021-03-23 11:00","16493601939","R-8100000410/null null","30100","0","-332140"
"111","2021-03-23 11:00","16493601943","R-9100000409/null null","0","100","940"
"112","2021-03-23 11:00","16493601943","R-9100000409/null null","100","0","14121972.5"
"113","2021-03-23 11:00","16493601948","R-9100000408/null null","30100","0","14091872.5"
"114","2021-03-23 11:00","16493601956","R-8100000407/null null","0","100","14091972.5"
"115","2021-03-23 11:00","16493601956","R-8100000407/null null","100","0","-332240"
"116","2021-03-23 11:00","16493601962","R-9100000441/null null","0","108","1048"
"117","2021-03-23 11:00","16493601962","R-9100000441/null null","108","0","14091864.5"
"118","2021-03-23 11:00","16493601969","R-9100000440/null null","30000","0","14061864.5"
"119","2021-03-23 11:00","16493602001","R-9100000570/null null","0","200","-14003694.5"
"120","2021-03-23 11:00","16493602001","R-9100000570/null null","220","0","14061644.5"
"121","2021-03-23 11:00","16493602013","R-8100000434/null null","0","30100","14091744.5"
"122","2021-03-23 11:00","16493602013","R-8100000434/null null","30100","0","-362340"
"123","2021-03-23 11:00","16493602024","R-9100000433/null null","0","100","1148"
"124","2021-03-23 11:00","16493602024","R-9100000433/null null","100","0","14091644.5"
"125","2021-03-23 11:00","16493602034","R-9100000337/null null","0","100","1248"
"126","2021-03-23 11:00","16493602034","R-9100000337/null null","100","0","14091544.5"
"127","2021-03-23 11:00","16493602042","R-8100000335/null null","0","100","14091644.5"
"128","2021-03-23 11:00","16493602042","R-8100000335/null null","100","0","-362440"
"129","2021-03-23 11:00","16493602050","R-8100000334/null null","0","30100","14121744.5"
"130","2021-03-23 11:00","16493602050","R-8100000334/null null","30100","0","-392540"
"131","2021-03-23 11:00","16493602069","R-9100000333/null null","0","100","1348"
"132","2021-03-23 11:00","16493602069","R-9100000333/null null","100","0","14121644.5"
"133","2021-03-23 11:00","16493602087","R-9100000332/null null","30100","0","14091544.5"
"134","2021-03-23 11:00","16493602123","R-9100000530/null null","0","108","1456"
"135","2021-03-23 11:00","16493602123","R-9100000530/null null","108","0","14091436.5"
"136","2021-03-23 11:00","16493602136","R-9100000529/null null","30100","0","14061336.5"
"137","2021-03-23 11:00","16493602166","R-8100000527/null null","0","30100","14091436.5"
"138","2021-03-23 11:00","16493602166","R-8100000527/null null","30100","0","-422640"
"139","2021-03-23 11:00","16493602178","R-9100000437/null null","0","100","1556"
"140","2021-03-23 11:00","16493602178","R-9100000437/null null","100","0","14091336.5"
"141","2021-03-23 11:00","16493602190","R-9100000436/null null","30100","0","14061236.5"
"142","2021-03-23 11:00","16493602222","R-8100000435/null null","0","100","14061336.5"
"143","2021-03-23 11:00","16493602222","R-8100000435/null null","100","0","-422740"
"144","2021-03-23 11:00","16493602227","R-9100000523/null null","0","108","1664"
"145","2021-03-23 11:00","16493602227","R-9100000523/null null","108","0","14061228.5"
"146","2021-03-23 11:00","16493602248","R-9100000522/null null","30000","0","14031228.5"
"147","2021-03-23 11:00","16493602259","R-9100000519/null null","0","108","1772"
"148","2021-03-23 11:00","16493602259","R-9100000519/null null","108","0","14031120.5"
"149","2021-03-23 11:00","16493602269","R-9100000518/null null","30000","0","14001120.5"
"150","2021-03-23 11:00","16493602297","R-8100000331/null null","0","100","14001220.5"
"151","2021-03-23 11:00","16493602297","R-8100000331/null null","100","0","-422840"
"152","2021-03-23 11:00","16493602311","R-8100000330/null null","0","30100","14031320.5"
"153","2021-03-23 11:00","16493602311","R-8100000330/null null","30100","0","-452940"
"154","2021-03-23 11:00","16493602317","R-9100000329/null null","0","100","1872"
"155","2021-03-23 11:00","16493602317","R-9100000329/null null","100","0","14031220.5"
"156","2021-03-23 11:00","16493602322","R-8100000327/null null","0","100","14031320.5"
"157","2021-03-23 11:00","16493602322","R-8100000327/null null","100","0","-453040"
"158","2021-03-23 11:00","16493602330","R-8100000326/null null","0","30100","14061420.5"
"159","2021-03-23 11:00","16493602330","R-8100000326/null null","30100","0","-483140"
"160","2021-03-23 11:00","16493602338","R-9100000526/null null","0","100","-14003594.5"
"161","2021-03-23 11:00","16493602338","R-9100000526/null null","100","0","14061320.5"
"162","2021-03-23 11:00","16493602385","R-8100000341/null null","0","100","14061420.5"
"163","2021-03-23 11:00","16493602385","R-8100000341/null null","150","0","-14003744.5"
"164","2021-03-23 11:00","16493602405","R-8100000340/null null","0","7000000","21061420.5"
"165","2021-03-23 11:00","16493602405","R-8100000340/null null","7000050","0","-21003794.5"
"166","2021-03-23 11:00","16493602424","R-9100000321/null null","0","100","1972"
"167","2021-03-23 11:00","16493602424","R-9100000321/null null","100","0","21061320.5"
"168","2021-03-23 11:00","16493602439","R-8100000319/null null","0","100","21061420.5"
"169","2021-03-23 11:00","16493602439","R-8100000319/null null","100","0","-483240"
"170","2021-03-23 11:00","16493602455","R-8100000318/null null","0","30200","21091620.5"
"171","2021-03-23 11:00","16493602455","R-8100000318/null null","30200","0","-513440"
"172","2021-03-23 11:00","16493602471","R-8100000431/null null","0","100","21091720.5"
"173","2021-03-23 11:00","16493602471","R-8100000431/null null","100","0","-513540"
"174","2021-03-23 11:00","16493602484","R-9100000515/null null","0","108","2080"
"175","2021-03-23 11:00","16493602484","R-9100000515/null null","108","0","21091612.5"
"176","2021-03-23 11:00","16493602505","R-9100000463/null null","0","108","2188"
"177","2021-03-23 11:00","16493602505","R-9100000463/null null","108","0","21091504.5"
"178","2021-03-23 11:00","16493602514","R-9100000462/null null","30100","0","21061404.5"
"179","2021-03-23 11:00","16493602521","R-8100000460/null null","0","30100","21091504.5"
"180","2021-03-23 11:00","16493602521","R-8100000460/null null","30100","0","-543640"
"181","2021-03-23 11:00","16493602527","R-9100000432/null null","30100","0","21061404.5"
"182","2021-03-23 11:00","16493602536","R-9100000343/null null","0","100","2288"
"183","2021-03-23 11:00","16493602536","R-9100000343/null null","150","0","21061254.5"
"184","2021-03-23 11:00","16493602541","R-9100000342/null null","0","7000000","6456360"
"185","2021-03-23 11:00","16493602541","R-9100000342/null null","7000050","0","14061204.5"
"186","2021-03-23 11:00","16493602569","R-9100000510/null null","30000","0","14031204.5"
"187","2021-03-23 11:00","16493602577","R-8100000513/null null","0","108","14031312.5"
"188","2021-03-23 11:00","16493602577","R-8100000513/null null","108","0","-30108"
"189","2021-03-23 11:00","16493602583","R-9100000447/null null","0","108","2396"
"190","2021-03-23 11:00","16493602583","R-9100000447/null null","158","0","14031154.5"
"191","2021-03-23 11:00","16493602634","R-9100000563/null null","0","108","2504"
"192","2021-03-23 11:00","16493602634","R-9100000563/null null","128","0","14031026.5"
"193","2021-03-23 11:00","16493602648","R-9100000486/null null","30000","0","14001026.5"
"194","2021-03-23 11:00","16493602668","R-9100000487/null null","0","108","2612"
"195","2021-03-23 11:00","16493602668","R-9100000487/null null","108","0","14000918.5"
"196","2021-03-23 11:00","16493602679","R-9100000567/null null","0","108","2720"
"197","2021-03-23 11:00","16493602679","R-9100000567/null null","128","0","14000790.5"
"198","2021-03-23 11:00","16493602714","R-9100000573/null null","0","110.75","-21003683.75"
"199","2021-03-23 11:00","16493602714","R-9100000573/null null","110.75","0","14000679.75"
"200","2021-03-23 11:00","16493602730","R-9100000591/null null","0","108","2828"
"201","2021-03-23 11:00","16493602730","R-9100000591/null null","128","0","14000551.75"
"202","2021-03-23 11:00","16493602768","R-9100000566/null null","0","99000","-20904683.75"
"203","2021-03-23 11:00","16493602768","R-9100000566/null null","99050","0","13901501.75"
"204","2021-03-23 11:00","16493602782","R-8100000535/null null","0","50","13901551.75"
"205","2021-03-23 11:00","16493602782","R-8100000535/null null","70","0","530"
"206","2021-03-23 11:00","16493602798","R-8100000536/null null","0","108","13901659.75"
"207","2021-03-23 11:00","16493602798","R-8100000536/null null","128","0","402"
"208","2021-03-23 11:00","16493602804","R-9100000537/null null","0","50","-20904633.75"
"209","2021-03-23 11:00","16493602804","R-9100000537/null null","70","0","13901589.75"
"210","2021-03-23 11:00","16493602817","R-9100000538/null null","0","108","2936"
"211","2021-03-23 11:00","16493602817","R-9100000538/null null","128","0","13901461.75"
"212","2021-03-23 11:00","16493602830","R-8100000539/null null","0","50","13901511.75"
"213","2021-03-23 11:00","16493602830","R-8100000539/null null","70","0","332"
"214","2021-03-23 11:00","16493602837","R-8100000540/null null","0","108","13901619.75"
"215","2021-03-23 11:00","16493602837","R-8100000540/null null","128","0","204"
"216","2021-03-23 11:00","16493602842","R-9100000541/null null","0","50","-20904583.75"
"217","2021-03-23 11:00","16493602842","R-9100000541/null null","70","0","13901549.75"
"218","2021-03-23 11:00","16493602852","R-9100000550/null null","0","108","3044"
"219","2021-03-23 11:00","16493602852","R-9100000550/null null","128","0","13901421.75"
"220","2021-03-23 11:00","16493602877","R-8100000551/null null","0","10","13901431.75"
"221","2021-03-23 11:00","16493602877","R-8100000551/null null","30","0","174"
"222","2021-03-23 11:00","16493602907","R-8100000552/null null","0","108","13901539.75"
"223","2021-03-23 11:00","16493602907","R-8100000552/null null","128","0","46"
"224","2021-03-23 11:00","16493602927","R-9100000553/null null","0","10","-20904573.75"
"225","2021-03-23 11:00","16493602927","R-9100000553/null null","30","0","13901509.75"
"226","2021-03-23 11:00","16493602944","R-9100000554/null null","0","108","3152"
"227","2021-03-23 11:00","16493602944","R-9100000554/null null","128","0","13901381.75"
"228","2021-03-23 11:00","16493602964","R-9100000542/null null","0","108","3260"
"229","2021-03-23 11:00","16493602964","R-9100000542/null null","128","0","13901253.75"
"230","2021-03-23 11:00","16493602971","R-8100000543/null null","0","50","13901303.75"
"231","2021-03-23 11:00","16493602971","R-8100000543/null null","70","0","-24"
"232","2021-03-23 11:00","16493602988","R-8100000544/null null","0","108","13901411.75"
"233","2021-03-23 11:00","16493602988","R-8100000544/null null","128","0","-152"
"234","2021-03-23 11:00","16493603015","R-9100000545/null null","0","50","-20904523.75"
"235","2021-03-23 11:00","16493603015","R-9100000545/null null","70","0","13901341.75"
"236","2021-03-23 11:00","16493603029","R-9100000546/null null","0","108","3368"
"237","2021-03-23 11:00","16493603029","R-9100000546/null null","128","0","13901213.75"
"238","2021-03-23 11:00","16493603089","R-8100000547/null null","0","50","13901263.75"
"239","2021-03-23 11:00","16493603089","R-8100000547/null null","70","0","-222"
"240","2021-03-23 11:00","16493603103","R-8100000548/null null","0","108","13901371.75"
"241","2021-03-23 11:00","16493603103","R-8100000548/null null","128","0","-350"
"242","2021-03-23 11:00","16493603111","R-9100000549/null null","0","50","-20904473.75"
"243","2021-03-23 11:00","16493603111","R-9100000549/null null","70","0","13901301.75"
"244","2021-03-23 11:00","16493603117","R-9100000425/null null","0","100","3468"
"245","2021-03-23 11:00","16493603117","R-9100000425/null null","100","0","13901201.75"
"246","2021-03-23 11:00","16493603125","R-8100000444/null null","0","7000000","20901201.75"
"247","2021-03-23 11:00","16493603125","R-8100000444/null null","7000050","0","-27904523.75"
"248","2021-03-23 11:00","16493603137","R-8100000445/null null","0","108","20901309.75"
"249","2021-03-23 11:00","16493603137","R-8100000445/null null","158","0","-27904681.75"
"250","2021-03-23 11:00","16493603147","R-8100000395/null null","0","100","20901409.75"
"251","2021-03-23 11:00","16493603147","R-8100000395/null null","100","0","6456260"
"252","2021-03-23 11:00","16493603158","R-8100000394/null null","0","30100","20931509.75"
"253","2021-03-23 11:00","16493603158","R-8100000394/null null","30100","0","6426160"
"254","2021-03-23 11:00","16493603173","R-9100000361/null null","0","100","3568"
"255","2021-03-23 11:00","16493603173","R-9100000361/null null","100","0","20931409.75"
"256","2021-03-23 11:00","16493603179","R-9100000360/null null","30100","0","20901309.75"
"257","2021-03-23 11:00","16493603195","R-8100000359/null null","0","100","20901409.75"
"258","2021-03-23 11:00","16493603195","R-8100000359/null null","100","0","6426060"
"259","2021-03-23 11:00","16493603212","R-9100000239/null null","0","200","-27904481.75"
"260","2021-03-23 11:00","16493603212","R-9100000239/null null","200","0","20901209.75"
"261","2021-03-23 11:00","16493603217","R-9100000324/null null","30200","0","20871009.75"
"262","2021-03-23 11:00","16493603223","R-8100000430/null null","0","30100","20901109.75"
"263","2021-03-23 11:00","16493603223","R-8100000430/null null","30100","0","6395960"
"264","2021-03-23 11:00","16493603235","R-9100000429/null null","0","100","3668"
"265","2021-03-23 11:00","16493603235","R-9100000429/null null","100","0","20901009.75"
"266","2021-03-23 11:00","16493603251","R-9100000428/null null","30100","0","20870909.75"
"267","2021-03-23 11:00","16493603258","R-8100000427/null null","0","100","20871009.75"
"268","2021-03-23 11:00","16493603258","R-8100000427/null null","100","0","6395860"
"269","2021-03-23 11:00","16493603271","R-9100000397/null null","0","100","3768"
"270","2021-03-23 11:00","16493603271","R-9100000397/null null","100","0","20870909.75"
"271","2021-03-23 11:00","16493603283","R-9100000396/null null","30100","0","20840809.75"
"272","2021-03-23 11:00","16493603290","R-9100000162/null null","0","108","3876"
"273","2021-03-23 11:00","16493603290","R-9100000162/null null","158","0","20840651.75"
"274","2021-03-23 11:00","16493603295","R-9100000161/null null","150","0","20840501.75"
"275","2021-03-23 11:00","16493603300","R-8100000160/null null","0","108","20840609.75"
"276","2021-03-23 11:00","16493603300","R-8100000160/null null","158","0","-27904639.75"
"277","2021-03-23 11:00","16493603312","R-8100000159/null null","0","100","20840709.75"
"278","2021-03-23 11:00","16493603312","R-8100000159/null null","150","0","-27904789.75"
"279","2021-03-23 11:00","16493603334","R-9100000156/null null","0","108","3984"
"280","2021-03-23 11:00","16493603334","R-9100000156/null null","158","0","20840551.75"
"281","2021-03-23 11:00","16493603346","R-9100000066/null null","0","108","4092"
"282","2021-03-23 11:00","16493603346","R-9100000066/null null","158","0","20840393.75"
"283","2021-03-23 11:00","16493603357","R-9100000065/null null","100","0","20840293.75"
"284","2021-03-23 11:00","16493603372","R-8100000323/null null","0","100","20840393.75"
"285","2021-03-23 11:00","16493603372","R-8100000323/null null","100","0","6395760"
"286","2021-03-23 11:00","16493603380","R-8100000322/null null","0","30200","20870593.75"
"287","2021-03-23 11:00","16493603380","R-8100000322/null null","30200","0","6365560"
"288","2021-03-23 11:00","16493603388","R-9100000299/null null","0","100","-27904689.75"
"289","2021-03-23 11:00","16493603388","R-9100000299/null null","100","0","20870493.75"
"290","2021-03-23 11:00","16493603444","R-9100000262/null null","0","108","4200"
"291","2021-03-23 11:00","16493603444","R-9100000262/null null","108","0","20870385.75"
"292","2021-03-23 11:00","16493603448","R-8100000260/null null","0","108","20870493.75"
"293","2021-03-23 11:00","16493603448","R-8100000260/null null","108","0","6365452"
"294","2021-03-23 11:00","16493603453","R-8100000259/null null","0","30100","20900593.75"
"295","2021-03-23 11:00","16493603453","R-8100000259/null null","30100","0","6335352"
"296","2021-03-23 11:00","16493603457","R-8100000049/null null","0","108","20900701.75"
"297","2021-03-23 11:00","16493603457","R-8100000049/null null","158","0","-27904847.75"
"298","2021-03-23 11:00","16493603463","R-8100000048/null null","0","300","20901001.75"
"299","2021-03-23 11:00","16493603463","R-8100000048/null null","350","0","-27905197.75"
"300","2021-03-23 11:00","16493603474","R-9100000009/null null","0","108","4308"
"301","2021-03-23 11:00","16493603474","R-9100000009/null null","158","0","20900843.75"
"302","2021-03-23 11:00","16493603479","R-9100000008/null null","300","0","20900543.75"
"303","2021-03-23 11:00","16493603488","R-8100000007/null null","0","108","20900651.75"
"304","2021-03-23 11:00","16493603488","R-8100000007/null null","158","0","-27905355.75"
"305","2021-03-23 11:00","16493603492","R-95350000000000000/null null","0","108","4416"
"306","2021-03-23 11:00","16493603492","R-95350000000000000/null null","128","0","20900523.75"
"307","2021-03-23 11:00","16493603496","R-95330000000000000/null null","0","100","-27905255.75"
"308","2021-03-23 11:00","16493603496","R-95330000000000000/null null","120","0","20900403.75"
"309","2021-03-23 11:00","16493603501","R-8100000064/null null","0","108","20900511.75"
"310","2021-03-23 11:00","16493603501","R-8100000064/null null","158","0","-27905413.75"
"311","2021-03-23 11:00","16493603518","R-8100000063/null null","0","50","20900561.75"
"312","2021-03-23 11:00","16493603518","R-8100000063/null null","100","0","-27905513.75"
"313","2021-03-23 11:00","16493603525","R-9100000057/null null","0","108","4524"
"314","2021-03-23 11:00","16493603525","R-9100000057/null null","158","0","20900403.75"
"315","2021-03-23 11:00","16493603533","R-9100000056/null null","2050","0","20898353.75"
"316","2021-03-23 11:00","16493603549","R-8100000055/null null","0","108","20898461.75"
"317","2021-03-23 11:00","16493603549","R-8100000055/null null","158","0","-27905671.75"
"318","2021-03-23 11:00","16493603570","R-9100000051/null null","0","108","4632"
"319","2021-03-23 11:00","16493603570","R-9100000051/null null","158","0","20898303.75"
"320","2021-03-23 11:00","16493603583","R-9100000050/null null","350","0","20897953.75"
"321","2021-03-23 11:00","16493603589","R-85310000000000000/null null","0","108","20898061.75"
"322","2021-03-23 11:00","16493603589","R-85310000000000000/null null","128","0","-476"
"323","2021-03-23 11:00","16493603601","R-85290000000000000/null null","0","100","20898161.75"
"324","2021-03-23 11:00","16493603601","R-85290000000000000/null null","120","0","-596"
"325","2021-03-23 11:00","16493603643","R-9100000037/null null","0","108","4740"
"326","2021-03-23 11:00","16493603643","R-9100000037/null null","158","0","20898003.75"
"327","2021-03-23 11:00","16493603672","R-9100000036/null null","250","0","20897753.75"
"328","2021-03-23 11:00","16493603682","R-8100000035/null null","0","108","20897861.75"
"329","2021-03-23 11:00","16493603682","R-8100000035/null null","158","0","-27905829.75"
"330","2021-03-23 11:00","16493603687","R-8100000034/null null","0","200","20898061.75"
"331","2021-03-23 11:00","16493603687","R-8100000034/null null","250","0","-27906079.75"
"332","2021-03-23 11:00","16493603713","R-9100000027/null null","0","108","4848"
"333","2021-03-23 11:00","16493603713","R-9100000027/null null","158","0","20897903.75"
"334","2021-03-23 11:00","16493603721","R-8100000153/null null","0","100","20898003.75"
"335","2021-03-23 11:00","16493603721","R-8100000153/null null","150","0","-27906229.75"
"336","2021-03-23 11:00","16493603728","R-9100000130/null null","0","108","4956"
"337","2021-03-23 11:00","16493603728","R-9100000130/null null","108","0","20897895.75"
"338","2021-03-23 11:00","16493603735","R-88230000000000000/null null","0","108","20898003.75"
"339","2021-03-23 11:00","16493603735","R-88230000000000000/null null","158","0","-27906387.75"
"340","2021-03-23 11:00","16493603742","R-88210000000000000/null null","0","500","20898503.75"
"341","2021-03-23 11:00","16493603742","R-88210000000000000/null null","550","0","-27906937.75"
"342","2021-03-23 11:00","16493603768","R-91910000000000000/null null","0","108","5064"
"343","2021-03-23 11:00","16493603768","R-91910000000000000/null null","158","0","20898345.75"
"344","2021-03-23 11:00","16493603775","R-91870000000000000/null null","0","500","-96"
"345","2021-03-23 11:00","16493603775","R-91870000000000000/null null","550","0","20897795.75"
"346","2021-03-23 11:00","16493603779","R-81800000000000000/null null","0","108","20897903.75"
"347","2021-03-23 11:00","16493603779","R-81800000000000000/null null","158","0","-27907095.75"
"348","2021-03-23 11:00","16493603797","R-81780000000000000/null null","0","500","20898403.75"
"349","2021-03-23 11:00","16493603797","R-81780000000000000/null null","550","0","-27907645.75"
"350","2021-03-23 11:00","16493603802","R-8100000210/null null","0","108","20898511.75"
"351","2021-03-23 11:00","16493603802","R-8100000210/null null","158","0","-27907803.75"
"352","2021-03-23 11:00","16493603815","R-8100000025/null null","0","108","20898619.75"
"353","2021-03-23 11:00","16493603815","R-8100000025/null null","158","0","-27907961.75"
"354","2021-03-23 11:00","16493603820","R-8100000024/null null","0","100","20898719.75"
"355","2021-03-23 11:00","16493603820","R-8100000024/null null","150","0","-27908111.75"
"356","2021-03-23 11:00","16493603835","R-9100000023/null null","0","108","5172"
"357","2021-03-23 11:00","16493603835","R-9100000023/null null","158","0","20898561.75"
"358","2021-03-23 11:00","16493603840","R-9100000022/null null","550","0","20898011.75"
"359","2021-03-23 11:00","16493603847","R-8100000021/null null","0","108","20898119.75"
"360","2021-03-23 11:00","16493603847","R-8100000021/null null","158","0","-27908269.75"
"361","2021-03-23 11:00","16493603865","R-8100000020/null null","0","500","20898619.75"
"362","2021-03-23 11:00","16493603865","R-8100000020/null null","550","0","-27908819.75"
"363","2021-03-23 11:00","16493603872","R-98340000000000000/null null","0","108","5280"
"364","2021-03-23 11:00","16493603872","R-98340000000000000/null null","158","0","20898461.75"
"365","2021-03-23 11:00","16493603877","R-9100000119/null null","0","108","5388"
"366","2021-03-23 11:00","16493603877","R-9100000119/null null","108","0","20898353.75"
"367","2021-03-23 11:00","16493603891","R-9100000118/null null","0","110.75","-27908709"
"368","2021-03-23 11:00","16493603891","R-9100000118/null null","110.75","0","20898243"
"369","2021-03-23 11:00","16493603901","R-9100000112/null null","100","0","20898143"
"370","2021-03-23 11:00","16493603909","R-8100000111/null null","0","108","20898251"
"371","2021-03-23 11:00","16493603909","R-8100000111/null null","108","0","-27908817"
"372","2021-03-23 11:00","16493603915","R-9100000176/null null","0","108","5496"
"373","2021-03-23 11:00","16493603915","R-9100000176/null null","158","0","20898093"
"374","2021-03-23 11:00","16493603921","R-9100000175/null null","250","0","20897843"
"375","2021-03-23 11:00","16493603931","R-8100000174/null null","0","108","20897951"
"376","2021-03-23 11:00","16493603931","R-8100000174/null null","158","0","-27908975"
"377","2021-03-23 11:00","16493603940","R-8100000173/null null","0","200","20898151"
"378","2021-03-23 11:00","16493603940","R-8100000173/null null","250","0","-27909225"
"379","2021-03-23 11:00","16493603952","R-9100000124/null null","0","108","5604"
"380","2021-03-23 11:00","16493603952","R-9100000124/null null","108","0","20898043"
"381","2021-03-23 11:00","16493603960","R-9100000123/null null","100","0","20897943"
"382","2021-03-23 11:00","16493603969","R-8100000122/null null","0","108","20898051"
"383","2021-03-23 11:00","16493603969","R-8100000122/null null","108","0","-27909333"
"384","2021-03-23 11:00","16493603974","R-9100000108/null null","0","108","5712"
"385","2021-03-23 11:00","16493603974","R-9100000108/null null","108","0","20897943"
"386","2021-03-23 11:00","16493603980","R-9100000107/null null","0","110.75","-27909222.25"
"387","2021-03-23 11:00","16493603980","R-9100000107/null null","110.75","0","20897832.25"
"388","2021-03-23 11:00","16493603987","R-9100000031/null null","0","108","5820"
"389","2021-03-23 11:00","16493603987","R-9100000031/null null","158","0","20897674.25"
"390","2021-03-23 11:00","16493604006","R-9100000030/null null","150","0","20897524.25"
"391","2021-03-23 11:00","16493604018","R-8100000029/null null","0","108","20897632.25"
"392","2021-03-23 11:00","16493604018","R-8100000029/null null","158","0","-27909380.25"
"393","2021-03-23 11:00","16493604025","R-8100000028/null null","0","100","20897732.25"
"394","2021-03-23 11:00","16493604025","R-8100000028/null null","150","0","-27909530.25"
"395","2021-03-23 11:00","16493604033","R-8100000154/null null","0","108","20897840.25"
"396","2021-03-23 11:00","16493604033","R-8100000154/null null","158","0","-27909688.25"
"397","2021-03-23 11:00","16493604048","R-9100000113/null null","0","108","5928"
"398","2021-03-23 11:00","16493604048","R-9100000113/null null","108","0","20897732.25"
"399","2021-03-23 11:00","16493604070","R-9100000103/null null","0","108","6036"
"400","2021-03-23 11:00","16493604070","R-9100000103/null null","108","0","20897624.25"
"401","2021-03-23 11:00","16493604076","R-9100000102/null null","0","500","-27909188.25"
"402","2021-03-23 11:00","16493604076","R-9100000102/null null","500","0","20897124.25"
"403","2021-03-23 11:00","16493604108","R-9100000097/null null","0","108","6144"
"404","2021-03-23 11:00","16493604108","R-9100000097/null null","108","0","20897016.25"
"405","2021-03-23 11:00","16493604119","R-9100000096/null null","0","100","-27909088.25"
"406","2021-03-23 11:00","16493604119","R-9100000096/null null","100","0","20896916.25"
"407","2021-03-23 11:00","16493604130","R-8100000001/null null","0","108","20897024.25"
"408","2021-03-23 11:00","16493604130","R-8100000001/null null","158","0","-27909246.25"
"409","2021-03-23 11:00","16493604155","R-94010000000000000/null null","0","108","6252"
"410","2021-03-23 11:00","16493604155","R-94010000000000000/null null","128","0","20896896.25"
"411","2021-03-23 11:00","16493604170","R-93790000000000000/null null","0","100","-27909146.25"
"412","2021-03-23 11:00","16493604170","R-93790000000000000/null null","120","0","20896776.25"
"413","2021-03-23 11:00","16493604190","R-83770000000000000/null null","0","108","20896884.25"
"414","2021-03-23 11:00","16493604190","R-83770000000000000/null null","128","0","-224"
"415","2021-03-23 11:00","16493604202","R-83750000000000000/null null","0","100","20896984.25"
"416","2021-03-23 11:00","16493604202","R-83750000000000000/null null","120","0","-344"
"417","2021-03-23 11:00","16493604215","R-93710000000000000/null null","0","108","6360"
"418","2021-03-23 11:00","16493604215","R-93710000000000000/null null","158","0","20896826.25"
"419","2021-03-23 11:00","16493604224","R-93690000000000000/null null","0","500","156"
"420","2021-03-23 11:00","16493604224","R-93690000000000000/null null","550","0","20896276.25"
"421","2021-03-23 11:00","16493604267","R-9100000045/null null","0","108","6468"
"422","2021-03-23 11:00","16493604267","R-9100000045/null null","158","0","20896118.25"
"423","2021-03-23 11:00","16493604286","R-9100000044/null null","150","0","20895968.25"
"424","2021-03-23 11:00","16493604298","R-8100000043/null null","0","108","20896076.25"
"425","2021-03-23 11:00","16493604298","R-8100000043/null null","158","0","-27909304.25"
"426","2021-03-23 11:00","16493604306","R-8100000042/null null","0","100","20896176.25"
"427","2021-03-23 11:00","16493604306","R-8100000042/null null","150","0","-27909454.25"
"428","2021-03-23 11:00","16493604313","R-9100000003/null null","0","108","6576"
"429","2021-03-23 11:00","16493604313","R-9100000003/null null","158","0","20896018.25"
"430","2021-03-23 11:00","16493604318","R-9100000002/null null","150","0","20895868.25"
"431","2021-03-23 11:00","16493604341","R-9100000231/null null","550","0","20895318.25"
"432","2021-03-23 11:00","16493604345","R-9100000212/null null","0","108","6684"
"433","2021-03-23 11:00","16493604345","R-9100000212/null null","158","0","20895160.25"
"434","2021-03-23 11:00","16493604359","R-9100000211/null null","0","14000000","20335352"
"435","2021-03-23 11:00","16493604359","R-9100000211/null null","14000050","0","6895110.25"
"436","2021-03-23 11:00","16493604364","R-83670000000000000/null null","0","108","6895218.25"
"437","2021-03-23 11:00","16493604364","R-83670000000000000/null null","158","0","-27909612.25"
"438","2021-03-23 11:00","16493604373","R-9100000219/null null","0","108","6792"
"439","2021-03-23 11:00","16493604373","R-9100000219/null null","158","0","6895060.25"
"440","2021-03-23 11:00","16493604376","R-9100000218/null null","0","1904000","22239352"
"441","2021-03-23 11:00","16493604376","R-9100000218/null null","1904050","0","4991010.25"
"442","2021-03-23 11:00","16493604380","R-8100000217/null null","0","108","4991118.25"
"443","2021-03-23 11:00","16493604380","R-8100000217/null null","158","0","-27909770.25"
"444","2021-03-23 11:00","16493604384","R-8100000216/null null","0","1904000","6895118.25"
"445","2021-03-23 11:00","16493604384","R-8100000216/null null","1904050","0","-29813820.25"
"446","2021-03-23 11:00","16493604388","R-9100000235/null null","0","100","-29813720.25"
"447","2021-03-23 11:00","16493604388","R-9100000235/null null","100","0","6895018.25"
"448","2021-03-23 11:00","16493604395","R-9100000385/null null","0","100","6892"
"449","2021-03-23 11:00","16493604395","R-9100000385/null null","100","0","6894918.25"
"450","2021-03-23 11:00","16493604406","R-9100000384/null null","30100","0","6864818.25"
"451","2021-03-23 11:00","16493604418","R-8100000383/null null","0","100","6864918.25"
"452","2021-03-23 11:00","16493604418","R-8100000383/null null","100","0","22239252"
"453","2021-03-23 11:00","16493604425","R-8100000382/null null","0","30100","6895018.25"
"454","2021-03-23 11:00","16493604425","R-8100000382/null null","30100","0","22209152"
"455","2021-03-23 11:00","16493604436","R-9100000381/null null","0","100","6992"
"456","2021-03-23 11:00","16493604436","R-9100000381/null null","100","0","6894918.25"
"457","2021-03-23 11:00","16493604443","R-9100000380/null null","30100","0","6864818.25"
"458","2021-03-23 11:00","16493604451","R-8100000379/null null","0","100","6864918.25"
"459","2021-03-23 11:00","16493604451","R-8100000379/null null","100","0","22209052"
"460","2021-03-23 11:00","16493604459","R-9100000389/null null","0","100","7092"
"461","2021-03-23 11:00","16493604459","R-9100000389/null null","100","0","6864818.25"
"462","2021-03-23 11:00","16493604472","R-9100000347/null null","0","100","7192"
"463","2021-03-23 11:00","16493604472","R-9100000347/null null","100","0","6864718.25"
"464","2021-03-23 11:00","16493604489","R-9100000346/null null","30100","0","6834618.25"
"465","2021-03-23 11:00","16493604508","R-8100000345/null null","0","100","6834718.25"
"466","2021-03-23 11:00","16493604508","R-8100000345/null null","100","0","22208952"
"467","2021-03-23 11:00","16493604521","R-8100000344/null null","0","30100","6864818.25"
"468","2021-03-23 11:00","16493604521","R-8100000344/null null","30100","0","22178852"
"469","2021-03-23 11:00","16493604538","R-9100000388/null null","30100","0","6834718.25"
"470","2021-03-23 11:00","16493604548","R-8100000387/null null","0","100","6834818.25"
"471","2021-03-23 11:00","16493604548","R-8100000387/null null","100","0","22178752"
"472","2021-03-23 11:00","16493604555","R-9100000377/null null","0","100","7292"
"473","2021-03-23 11:00","16493604555","R-9100000377/null null","100","0","6834718.25"
"474","2021-03-23 11:00","16493604560","R-9100000376/null null","30100","0","6804618.25"
"475","2021-03-23 11:00","16493604564","R-8100000375/null null","0","100","6804718.25"
"476","2021-03-23 11:00","16493604564","R-8100000375/null null","100","0","22178652"
"477","2021-03-23 11:00","16493604569","R-8100000374/null null","0","30100","6834818.25"
"478","2021-03-23 11:00","16493604569","R-8100000374/null null","30100","0","22148552"
"479","2021-03-23 11:00","16493604573","R-9100000373/null null","0","100","7392"
"480","2021-03-23 11:00","16493604573","R-9100000373/null null","100","0","6834718.25"
"481","2021-03-23 11:00","16493604589","R-9100000372/null null","30100","0","6804618.25"
"482","2021-03-23 11:00","16493604597","R-8100000371/null null","0","100","6804718.25"
"483","2021-03-23 11:00","16493604597","R-8100000371/null null","100","0","22148452"
"484","2021-03-23 11:00","16493604601","R-9100000369/null null","0","100","7492"
"485","2021-03-23 11:00","16493604601","R-9100000369/null null","100","0","6804618.25"
"486","2021-03-23 11:00","16493604607","R-9100000368/null null","0","30100","30100"
"487","2021-03-23 11:00","16493604607","R-9100000368/null null","30100","0","6774518.25"
"488","2021-03-23 11:00","16493604611","R-8100000367/null null","0","100","6774618.25"
"489","2021-03-23 11:00","16493604611","R-8100000367/null null","100","0","22148352"
"490","2021-03-23 11:00","16493604616","R-8100000366/null null","0","30100","6804718.25"
"491","2021-03-23 11:00","16493604616","R-8100000366/null null","30100","0","22118252"
"492","2021-03-23 11:00","16493604621","R-9100000483/null null","0","108","7600"
"493","2021-03-23 11:00","16493604621","R-9100000483/null null","108","0","6804610.25"
"494","2021-03-23 11:00","16493604627","R-9100000446/null null","0","7000000","29118252"
"495","2021-03-23 11:00","16493604627","R-9100000446/null null","7000050","0","-195439.75"
"496","2021-03-23 11:00","16493604634","R-9100000325/null null","0","100","7700"
"497","2021-03-23 11:00","16493604634","R-9100000325/null null","100","0","-195539.75"
"498","2021-03-23 11:00","16493604639","R-9100000514/null null","30000","0","-225539.75"
"499","2021-03-23 11:00","16493604651","R-9100000511/null null","0","108","7808"
"500","2021-03-23 11:00","16493604651","R-9100000511/null null","108","0","-225647.75"
"501","2021-03-23 11:00","16493604668","R-9100000478/null null","30000","0","-255647.75"
"502","2021-03-23 11:00","16493604701","R-9100000475/null null","0","108","7916"
"503","2021-03-23 11:00","16493604701","R-9100000475/null null","108","0","-255755.75"
"504","2021-03-23 11:00","16493604709","R-9100000474/null null","30000","0","-285755.75"
"505","2021-03-23 11:00","16493604732","R-9100000401/null null","0","100","8016"
"506","2021-03-23 11:00","16493604732","R-9100000401/null null","100","0","-285855.75"
"507","2021-03-23 11:00","16493604749","R-9100000482/null null","30000","0","-315855.75"
"508","2021-03-23 11:00","16493604793","R-9100000491/null null","0","108","8124"
"509","2021-03-23 11:00","16493604793","R-9100000491/null null","108","0","-315963.75"
"510","2021-03-23 11:00","16493604809","R-9100000490/null null","30000","0","-345963.75"
"511","2021-03-23 11:00","16493604852","R-9100000479/null null","0","108","8232"
"512","2021-03-23 11:00","16493604852","R-9100000479/null null","108","0","-346071.75"
"513","2021-03-23 11:00","16493604869","R-9100000470/null null","30100","0","-376171.75"
"514","2021-03-23 11:00","16493604877","R-8100000468/null null","0","30100","-346071.75"
"515","2021-03-23 11:00","16493604877","R-8100000468/null null","30100","0","29088152"
"516","2021-03-23 11:00","16493604888","R-9100000467/null null","0","108","8340"
"517","2021-03-23 11:00","16493604888","R-9100000467/null null","108","0","-346179.75"
"518","2021-03-23 11:00","16493604911","R-9100000466/null null","30100","0","-376279.75"
"519","2021-03-23 11:00","16493604920","R-8100000465/null null","0","108","-376171.75"
"520","2021-03-23 11:00","16493604920","R-8100000465/null null","108","0","29088044"
"521","2021-03-23 11:00","16493604928","R-8100000464/null null","0","30100","-346071.75"
"522","2021-03-23 11:00","16493604928","R-8100000464/null null","30100","0","29057944"
"523","2021-03-23 11:00","16493604938","R-9100000459/null null","0","108","8448"
"524","2021-03-23 11:00","16493604938","R-9100000459/null null","108","0","-346179.75"
"525","2021-03-23 11:00","16493604943","R-9100000400/null null","30100","0","-376279.75"
"526","2021-03-23 11:00","16493604952","R-8100000398/null null","0","30100","-346179.75"
"527","2021-03-23 11:00","16493604952","R-8100000398/null null","30100","0","29027844"
"528","2021-03-23 11:00","16493604967","R-9100000365/null null","0","100","8548"
"529","2021-03-23 11:00","16493604967","R-9100000365/null null","100","0","-346279.75"
"530","2021-03-23 11:00","16493604976","R-9100000364/null null","30100","0","-376379.75"
"531","2021-03-23 11:00","16493604987","R-8100000363/null null","0","100","-376279.75"
"532","2021-03-23 11:00","16493604987","R-8100000363/null null","100","0","29027744"
"533","2021-03-23 11:00","16493604998","R-8100000362/null null","0","30100","-346179.75"
"534","2021-03-23 11:00","16493604998","R-8100000362/null null","30100","0","28997644"
"535","2021-03-23 11:00","16493605011","R-9100000471/null null","0","108","8656"
"536","2021-03-23 11:00","16493605011","R-9100000471/null null","108","0","-346287.75"
"537","2021-03-23 11:00","16493605022","R-9100000450/null null","30100","0","-376387.75"
"538","2021-03-23 11:00","16493605029","R-8100000448/null null","0","30100","-346287.75"
"539","2021-03-23 11:00","16493605029","R-8100000448/null null","30100","0","28967544"
"540","2021-03-23 11:00","16493605035","R-9100000562/null null","0","200000","-29613720.25"
"541","2021-03-23 11:00","16493605035","R-9100000562/null null","200050","0","-546337.75"
"542","2021-03-23 11:00","16493605071","R-9100000559/null null","0","108","8764"
"543","2021-03-23 11:00","16493605071","R-9100000559/null null","128","0","-546465.75"
"544","2021-03-23 11:00","16493605077","R-9100000558/null null","0","298","-29613422.25"
"545","2021-03-23 11:00","16493605077","R-9100000558/null null","318","0","-546783.75"
"546","2021-03-23 11:00","16493605081","R-9100000458/null null","30100","0","-576883.75"
"547","2021-03-23 11:00","16493605091","R-8100000456/null null","0","30100","-546783.75"
"548","2021-03-23 11:00","16493605091","R-8100000456/null null","30100","0","28937444"
"549","2021-03-23 11:00","16493605101","R-9100000455/null null","0","108","8872"
"550","2021-03-23 11:00","16493605101","R-9100000455/null null","108","0","-546891.75"
"551","2021-03-23 11:00","16493605115","R-9100000454/null null","30100","0","-576991.75"
"552","2021-03-23 11:00","16493605122","R-8100000453/null null","0","108","-576883.75"
"553","2021-03-23 11:00","16493605122","R-8100000453/null null","108","0","28937336"
"554","2021-03-23 11:00","16493605126","R-8100000452/null null","0","30100","-546783.75"
"555","2021-03-23 11:00","16493605126","R-8100000452/null null","30100","0","28907236"
"556","2021-03-23 11:00","16493605143","R-9100000451/null null","0","108","8980"
"557","2021-03-23 11:00","16493605143","R-9100000451/null null","108","0","-546891.75"
"558","2021-03-23 11:00","16493605161","R-9100000421/null null","0","100","9080"
"559","2021-03-23 11:00","16493605161","R-9100000421/null null","100","0","-546991.75"
"560","2021-03-23 11:00","16493605173","R-9100000420/null null","30100","0","-577091.75"
"561","2021-03-23 11:00","16493605179","R-8100000419/null null","0","100","-576991.75"
"562","2021-03-23 11:00","16493605179","R-8100000419/null null","100","0","28907136"
"563","2021-03-23 11:00","16493605183","R-8100000418/null null","0","30100","-546891.75"
"564","2021-03-23 11:00","16493605183","R-8100000418/null null","30100","0","28877036"
"565","2021-03-23 11:00","16493605194","R-9100000417/null null","0","100","9180"
"566","2021-03-23 11:00","16493605194","R-9100000417/null null","100","0","-546991.75"
"567","2021-03-23 11:00","16493605212","R-9100000416/null null","0","30100","-8"
"568","2021-03-23 11:00","16493605212","R-9100000416/null null","30100","0","-577091.75"
"569","2021-03-23 11:00","16493605217","R-8100000415/null null","0","100","-576991.75"
"570","2021-03-23 11:00","16493605217","R-8100000415/null null","100","0","28876936"
"571","2021-03-23 12:00","16497200156","R-8100000179/null null","0","108","-576883.75"
"572","2021-03-23 12:00","16497200156","R-8100000179/null null","108","0","-108"
"573","2021-03-23 12:00","16497200307","R-8100000178/null null","0","60.75","-576823"
"574","2021-03-23 12:00","16497200307","R-8100000178/null null","60.75","0","-168.75"
"575","2021-03-23 12:00","16497200312","R-8100000532/null null","0","108","-576715"
"576","2021-03-23 12:00","16497200312","R-8100000532/null null","128","0","-296.75"
"577","2021-03-23 12:00","16497200317","R-8100000531/null null","0","50","-576665"
"578","2021-03-23 12:00","16497200317","R-8100000531/null null","70","0","-366.75"
"579","2021-03-23 12:00","16497200326","R-8100000105/null null","0","110.75","-576554.25"
"580","2021-03-23 12:00","16497200326","R-8100000105/null null","110.75","0","-477.5"
"581","2021-03-23 12:00","16497200330","R-8100000094/null null","0","100","-576454.25"
"582","2021-03-23 12:00","16497200330","R-8100000094/null null","100","0","-577.5"
"583","2021-03-23 12:00","16497200517","R-8100000525/null null","0","100","-576354.25"
"584","2021-03-23 12:00","16497200517","R-8100000525/null null","100","0","-100"
"585","2021-03-23 12:00","16497200583","R-8100000298/null null","0","100","-576254.25"
"586","2021-03-23 12:00","16497200583","R-8100000298/null null","100","0","-100"
"587","2021-03-23 12:00","16497200587","R-8100000128/null null","0","108","-576146.25"
"588","2021-03-23 12:00","16497200587","R-8100000128/null null","108","0","-108"
"589","2021-03-23 12:00","16497200592","R-8100000127/null null","0","1010.75","-575135.5"
"590","2021-03-23 12:00","16497200592","R-8100000127/null null","1010.75","0","-1118.75"
"591","2021-03-23 12:00","16497200596","R-8100000106/null null","0","108","-575027.5"
"592","2021-03-23 12:00","16497200596","R-8100000106/null null","108","0","-685.5"
"593","2021-03-23 12:00","16497200600","R-8100000116/null null","0","110.75","-574916.75"
"594","2021-03-23 12:00","16497200600","R-8100000116/null null","110.75","0","-110.75"
"595","2021-03-23 12:00","16497200604","R-8100000117/null null","0","108","-574808.75"
"596","2021-03-23 12:00","16497200604","R-8100000117/null null","108","0","-218.75"
"597","2021-03-23 12:00","16497200609","R-8100000101/null null","0","108","-574700.75"
"598","2021-03-23 12:00","16497200609","R-8100000101/null null","108","0","-326.75"
"599","2021-03-23 12:00","16497200613","R-8100000100/null null","0","500","-574200.75"
"600","2021-03-23 12:00","16497200613","R-8100000100/null null","500","0","-826.75"
"601","2021-03-23 12:00","16497200617","R-8100000095/null null","0","108","-574092.75"
"602","2021-03-23 12:00","16497200617","R-8100000095/null null","108","0","-793.5"
"603","2021-03-23 12:00","16497200622","R-8100000234/null null","0","100","-573992.75"
"604","2021-03-23 12:00","16497200622","R-8100000234/null null","100","0","-100"
"605","2021-03-23 12:00","16497200626","R-8100000238/null null","0","200","-573792.75"
"606","2021-03-23 12:00","16497200626","R-8100000238/null null","200","0","-300"
"607","2021-03-23 12:00","16497200678","R-8100000572/null null","0","110.75","-573682"
"608","2021-03-23 12:00","16497200678","R-8100000572/null null","110.75","0","-410.75"
"609","2021-03-23 22:00","16533200025","R-8100000592/null null","0","30100","-543582"
"610","2021-03-23 22:00","16533200025","R-8100000592/null null","30100","0","28846836"
"611","2021-03-23 22:00","16533200150","R-8100000593/null null","0","100","-543482"
"612","2021-03-23 22:00","16533200150","R-8100000593/null null","100","0","28846736"
"613","2021-03-23 22:00","16533200156","R-9100000594/null null","30100","0","-573582"
"614","2021-03-23 22:00","16533200162","R-9100000595/null null","0","100","9280"
"615","2021-03-23 22:00","16533200162","R-9100000595/null null","100","0","-573682"
"616","2021-03-24 13:00","16587200016","R-8100000598/null null","0","7000000","6426318"
"617","2021-03-24 13:00","16587200016","R-8100000598/null null","7000050","0","-36613472.25"
"618","2021-03-24 13:00","16587200022","R-8100000599/null null","0","100","6426418"
"619","2021-03-24 13:00","16587200022","R-8100000599/null null","150","0","-36613622.25"
"620","2021-03-24 13:00","16587200031","R-9100000601/null null","0","100","9380"
"621","2021-03-24 13:00","16587200031","R-9100000601/null null","150","0","6426268"
"622","2021-03-24 13:00","16587200037","R-8100000604/null null","0","7000000","13426268"
"623","2021-03-24 13:00","16587200037","R-8100000604/null null","7000050","0","-43613672.25"
"624","2021-03-24 13:00","16587200043","R-8100000605/null null","0","100","13426368"
"625","2021-03-24 13:00","16587200043","R-8100000605/null null","150","0","-43613822.25"
"626","2021-03-24 13:00","16587200053","R-9100000606/null null","0","7000000","35846736"
"627","2021-03-24 13:00","16587200053","R-9100000606/null null","7000050","0","6426318"
"628","2021-03-24 13:00","16587200060","R-9100000607/null null","0","100","9480"
"629","2021-03-24 13:00","16587200060","R-9100000607/null null","150","0","6426168"
"630","2021-03-24 13:00","16587200066","R-9100000600/null null","0","7000000","42846736"
"631","2021-03-24 13:00","16587200066","R-9100000600/null null","7000050","0","-573882"
"632","2021-03-24 14:00","16590800083","R-8100000598/null null","0","7000000","6426118"
"633","2021-03-24 14:00","16590800083","R-8100000598/null null","7000050","0","-50613872.25"
"634","2021-03-24 14:00","16590800149","R-8100000599/null null","0","100","6426218"
"635","2021-03-24 14:00","16590800149","R-8100000599/null null","150","0","-50614022.25"
"636","2021-03-24 14:00","16590800172","R-9100000601/null null","0","100","9580"
"637","2021-03-24 14:00","16590800172","R-9100000601/null null","150","0","6426068"
"638","2021-03-24 14:00","16590800178","R-8100000604/null null","0","7000000","13426068"
"639","2021-03-24 14:00","16590800178","R-8100000604/null null","7000050","0","-57614072.25"
"640","2021-03-24 14:00","16590800184","R-8100000605/null null","0","100","13426168"
"641","2021-03-24 14:00","16590800184","R-8100000605/null null","150","0","-57614222.25"
"642","2021-03-24 14:00","16590800190","R-9100000606/null null","0","7000000","49846736"
"643","2021-03-24 14:00","16590800190","R-9100000606/null null","7000050","0","6426118"
"644","2021-03-24 14:00","16590800196","R-9100000607/null null","0","100","9680"
"645","2021-03-24 14:00","16590800196","R-9100000607/null null","150","0","6425968"
"646","2021-03-24 14:00","16590800200","R-9100000600/null null","0","7000000","56846736"
"647","2021-03-24 14:00","16590800200","R-9100000600/null null","7000050","0","-574082"
"648","2021-03-26 22:00","16792400155","R-8100000612/null null","0","30100","-543982"
"649","2021-03-26 22:00","16792400155","R-8100000612/null null","30100","0","56816636"
"650","2021-03-26 22:00","16792400181","R-8100000613/null null","0","100","-543882"
"651","2021-03-26 22:00","16792400181","R-8100000613/null null","100","0","56816536"
"652","2021-03-26 22:00","16792400201","R-9100000615/null null","0","100","9780"
"653","2021-03-26 22:00","16792400201","R-9100000615/null null","100","0","-543982"
"654","2021-03-27 13:00","16846400409","R-9100000631/null null","0","100","9880"
"655","2021-03-27 13:00","16846400409","R-9100000631/null null","100","0","-544082"
"656","2021-03-27 13:00","16846400494","R-9100000627/null null","0","100","9980"
"657","2021-03-27 13:00","16846400494","R-9100000627/null null","100","0","-544182"
"658","2021-03-27 13:00","16846400539","R-9100000639/null null","0","100","10080"
"659","2021-03-27 13:00","16846400539","R-9100000639/null null","100","0","-544282"
"660","2021-03-27 13:00","16846400549","R-8100000616/null null","0","30100","-514182"
"661","2021-03-27 13:00","16846400549","R-8100000616/null null","30100","0","56786436"
"662","2021-03-27 13:00","16846400559","R-8100000617/null null","0","100","-514082"
"663","2021-03-27 13:00","16846400559","R-8100000617/null null","100","0","56786336"
"664","2021-03-27 13:00","16846400604","R-9100000619/null null","0","100","10180"
"665","2021-03-27 13:00","16846400604","R-9100000619/null null","100","0","-514182"
"666","2021-03-27 13:00","16846400690","R-9100000623/null null","0","100","10280"
"667","2021-03-27 13:00","16846400690","R-9100000623/null null","100","0","-514282"
"668","2021-03-27 13:00","16846400746","R-9100000643/null null","0","100","10380"
"669","2021-03-27 13:00","16846400746","R-9100000643/null null","100","0","-514382"
"670","2021-03-27 13:00","16846400809","R-9100000635/null null","0","100","10480"
"671","2021-03-27 13:00","16846400809","R-9100000635/null null","100","0","-514482"
"672","2021-03-27 15:00","16853600322","R-9100000647/null null","0","100","10580"
"673","2021-03-27 15:00","16853600322","R-9100000647/null null","100","0","-514582"
"674","2021-03-27 15:00","16853600513","R-9100000651/null null","0","100","10680"
"675","2021-03-27 15:00","16853600513","R-9100000651/null null","100","0","-514682"
"676","2021-03-28 10:00","16922000246","R-8100000652/null null","0","30000","-484682"
"677","2021-03-28 10:00","16922000246","R-8100000652/null null","30000","0","100"
"678","2021-03-28 10:00","16922000256","R-8100000653/null null","0","100","-484582"
"679","2021-03-28 10:00","16922000256","R-8100000653/null null","100","0","0"
"680","2021-03-28 10:00","16922000280","R-9100000655/null null","0","100","10780"
"681","2021-03-28 10:00","16922000280","R-9100000655/null null","100","0","-484682"
"682","2021-03-28 10:00","16922000288","R-8100000656/null null","0","30100","-454582"
"683","2021-03-28 10:00","16922000288","R-8100000656/null null","30100","0","56756236"
"684","2021-03-28 10:00","16922000310","R-8100000657/null null","0","100","-454482"
"685","2021-03-28 10:00","16922000310","R-8100000657/null null","100","0","56756136"
"686","2021-03-28 10:00","16922000337","R-9100000659/null null","0","100","10880"
"687","2021-03-28 10:00","16922000337","R-9100000659/null null","100","0","-454582"
"688","2021-03-29 21:00","17048000447","R-9100000662/null null","0","27000","-57587222.25"
"689","2021-03-29 21:00","17048000447","R-9100000662/null null","27025","0","-481607"
"690","2021-03-29 21:00","17048000457","R-9100000663/null null","0","100","10980"
"691","2021-03-29 21:00","17048000457","R-9100000663/null null","120","0","-481727"
"692","2021-03-30 00:00","17058800351","R-8100000664/null null","0","60000","-421727"
"693","2021-03-30 00:00","17058800351","R-8100000664/null null","60000","0","56696136"
"694","2021-03-30 00:00","17058800370","R-8100000665/null null","0","100","-421627"
"695","2021-03-30 00:00","17058800370","R-8100000665/null null","100","0","56696036"
"696","2021-03-30 00:00","17058800411","R-9100000667/null null","0","100","11080"
"697","2021-03-30 00:00","17058800411","R-9100000667/null null","100","0","-421727"
"698","2021-03-30 00:00","17058800470","R-9100000671/null null","0","100","11180"
"699","2021-03-30 00:00","17058800470","R-9100000671/null null","100","0","-421827"
"700","2021-03-30 00:00","17058800492","R-8100000672/null null","0","100100","-321727"
"701","2021-03-30 00:00","17058800492","R-8100000672/null null","100100","0","56595936"
"702","2021-03-30 00:00","17058800519","R-8100000673/null null","0","100","-321627"
"703","2021-03-30 00:00","17058800519","R-8100000673/null null","100","0","56595836"
"704","2021-03-30 00:00","17058800543","R-9100000675/null null","0","100","11280"
"705","2021-03-30 00:00","17058800543","R-9100000675/null null","100","0","-321727"
"706","2021-03-30 00:00","17058800629","R-8100000676/null null","0","100100","-221627"
"707","2021-03-30 00:00","17058800629","R-8100000676/null null","100100","0","56495736"
"708","2021-03-30 00:00","17058800637","R-8100000677/null null","0","100","-221527"
"709","2021-03-30 00:00","17058800637","R-8100000677/null null","100","0","56495636"
"710","2021-03-30 00:00","17058800654","R-9100000679/null null","0","100","11380"
"711","2021-03-30 00:00","17058800654","R-9100000679/null null","100","0","-221627"
"712","2021-03-30 00:00","17058800662","R-8100000680/null null","0","100100","-121527"
"713","2021-03-30 00:00","17058800662","R-8100000680/null null","100100","0","56395536"
"714","2021-03-30 00:00","17058800682","R-8100000681/null null","0","100","-121427"
"715","2021-03-30 00:00","17058800682","R-8100000681/null null","100","0","56395436"
"716","2021-03-30 00:00","17058800698","R-9100000683/null null","0","100","11480"
"717","2021-03-30 00:00","17058800698","R-9100000683/null null","100","0","-121527"
"718","2021-03-30 00:00","17058800706","R-8100000684/null null","0","10000","-111527"
"719","2021-03-30 00:00","17058800706","R-8100000684/null null","10000","0","56385436"
"720","2021-03-30 00:00","17058800715","R-8100000685/null null","0","100","-111427"
"721","2021-03-30 00:00","17058800715","R-8100000685/null null","100","0","56385336"
"722","2021-03-30 00:00","17058800731","R-9100000687/null null","0","100","11580"
"723","2021-03-30 00:00","17058800731","R-9100000687/null null","100","0","-111527"
"724","2021-03-30 00:00","17058800740","R-8100000688/null null","0","100100","-11427"
"725","2021-03-30 00:00","17058800740","R-8100000688/null null","100100","0","56285236"
"726","2021-03-30 00:00","17058800756","R-8100000689/null null","0","100","-11327"
"727","2021-03-30 00:00","17058800756","R-8100000689/null null","100","0","56285136"
"728","2021-03-30 00:00","17058800793","R-9100000691/null null","0","100","11680"
"729","2021-03-30 00:00","17058800793","R-9100000691/null null","100","0","-11427"
"730","2021-03-30 00:00","17058800802","R-8100000692/null null","0","100100","88673"
"731","2021-03-30 00:00","17058800802","R-8100000692/null null","100100","0","56185036"
"732","2021-03-30 00:00","17058800809","R-8100000693/null null","0","100","88773"
"733","2021-03-30 00:00","17058800809","R-8100000693/null null","100","0","56184936"
"734","2021-03-30 00:00","17058800827","R-9100000695/null null","0","100","11780"
"735","2021-03-30 00:00","17058800827","R-9100000695/null null","100","0","88673"
"736","2021-03-30 01:00","17062400588","R-9100000698/null null","0","272800","-57314422.25"
"737","2021-03-30 01:00","17062400588","R-9100000698/null null","272850","0","-184177"
"738","2021-03-30 01:00","17062400600","R-9100000699/null null","0","100","11880"
"739","2021-03-30 01:00","17062400600","R-9100000699/null null","120","0","-184297"
"740","2021-03-30 10:00","17094800380","R-8100000700/null null","0","100100","-84197"
"741","2021-03-30 10:00","17094800380","R-8100000700/null null","100100","0","56084836"
"742","2021-03-30 10:00","17094800390","R-8100000701/null null","0","100","-84097"
"743","2021-03-30 10:00","17094800390","R-8100000701/null null","100","0","56084736"
"744","2021-03-30 10:00","17094800427","R-9100000703/null null","0","100","11980"
"745","2021-03-30 10:00","17094800427","R-9100000703/null null","100","0","-84197"
"746","2021-03-30 14:00","17109200563","R-8100000608/null null","0","100100","15903"
"747","2021-03-30 14:00","17109200563","R-8100000608/null null","100100","0","55984636"
"748","2021-03-30 14:00","17109200574","R-8100000609/null null","0","100","16003"
"749","2021-03-30 14:00","17109200574","R-8100000609/null null","100","0","55984536"
"750","2021-03-30 14:00","17109200606","R-9100000611/null null","0","100","12080"
"751","2021-03-30 14:00","17109200606","R-9100000611/null null","100","0","15903"
"752","2021-03-30 14:00","17109200615","R-8100000713/null null","0","100","16003"
"753","2021-03-30 14:00","17109200615","R-8100000713/null null","100","0","55984436"
"754","2021-03-30 14:00","17109200634","R-8100000712/null null","0","100100","116103"
"755","2021-03-30 14:00","17109200634","R-8100000712/null null","100100","0","55884336"
"756","2021-03-30 14:00","17109200767","R-9100000715/null null","0","100","12180"
"757","2021-03-30 14:00","17109200767","R-9100000715/null null","100","0","116003"
"758","2021-03-31 09:00","17177600490","R-9100000719/null null","0","100","12280"
"759","2021-03-31 09:00","17177600490","R-9100000719/null null","100","0","115903"
"760","2021-03-31 09:00","17177600700","R-8100000716/null null","0","100100","216003"
"761","2021-03-31 09:00","17177600700","R-8100000716/null null","100100","0","55784236"
"762","2021-03-31 09:00","17177600715","R-8100000717/null null","0","100","216103"
"763","2021-03-31 09:00","17177600715","R-8100000717/null null","100","0","55784136"
"764","2021-03-31 23:00","17228000533","R-8100000732/null null","0","90100","306203"
"765","2021-03-31 23:00","17228000533","R-8100000732/null null","90100","0","55694036"
"766","2021-03-31 23:00","17228000543","R-8100000733/null null","0","100","306303"
"767","2021-03-31 23:00","17228000543","R-8100000733/null null","100","0","55693936"
"768","2021-03-31 23:00","17228000577","R-9100000735/null null","0","100","12380"
"769","2021-03-31 23:00","17228000577","R-9100000735/null null","100","0","306203"
"770","2021-03-31 23:00","17228000604","R-8100000736/null null","0","100100","406303"
"771","2021-03-31 23:00","17228000604","R-8100000736/null null","100100","0","55593836"
"772","2021-03-31 23:00","17228000613","R-8100000737/null null","0","100","406403"
"773","2021-03-31 23:00","17228000613","R-8100000737/null null","100","0","55593736"
"774","2021-03-31 23:00","17228000636","R-9100000739/null null","0","100","12480"
"775","2021-03-31 23:00","17228000636","R-9100000739/null null","100","0","406303"
"776","2021-03-31 23:00","17228000665","R-8100000740/null null","0","100100","506403"
"777","2021-03-31 23:00","17228000665","R-8100000740/null null","100100","0","55493636"
"778","2021-03-31 23:00","17228000682","R-8100000741/null null","0","100","506503"
"779","2021-03-31 23:00","17228000682","R-8100000741/null null","100","0","55493536"
"780","2021-03-31 23:00","17228000754","R-9100000743/null null","0","100","12580"
"781","2021-03-31 23:00","17228000754","R-9100000743/null null","100","0","506403"
"782","2021-03-31 23:00","17228000798","R-8100000745/null null","0","100","506503"
"783","2021-03-31 23:00","17228000798","R-8100000745/null null","100","0","55493436"
"784","2021-03-31 23:00","17228000824","R-9100000747/null null","0","100","12680"
"785","2021-03-31 23:00","17228000824","R-9100000747/null null","100","0","506403"
"786","2021-03-31 23:00","17228000832","R-8100000748/null null","0","100100","606503"
"787","2021-03-31 23:00","17228000832","R-8100000748/null null","100100","0","55393336"
"788","2021-03-31 23:00","17228000841","R-8100000749/null null","0","100","606603"
"789","2021-03-31 23:00","17228000841","R-8100000749/null null","100","0","55393236"
"790","2021-03-31 23:00","17228000862","R-9100000751/null null","0","100","12780"
"791","2021-03-31 23:00","17228000862","R-9100000751/null null","100","0","606503"
"792","2021-03-31 23:00","17228000870","R-8100000752/null null","0","100100","706603"
"793","2021-03-31 23:00","17228000870","R-8100000752/null null","100100","0","55293136"
"794","2021-03-31 23:00","17228000893","R-8100000753/null null","0","100","706703"
"795","2021-03-31 23:00","17228000893","R-8100000753/null null","100","0","55293036"
"796","2021-03-31 23:00","17228000917","R-9100000755/null null","0","100","12880"
"797","2021-03-31 23:00","17228000917","R-9100000755/null null","100","0","706603"
"798","2021-03-31 23:00","17228000966","R-8100000744/null null","0","100100","806703"
"799","2021-03-31 23:00","17228000966","R-8100000744/null null","100100","0","55192936"
"800","2021-04-01 07:00","17256800061","R-8100000720/null null","0","100100","906803"
"801","2021-04-01 07:00","17256800061","R-8100000720/null null","100100","0","55092836"
"802","2021-04-01 07:00","17256800083","R-9100000723/null null","0","100","12980"
"803","2021-04-01 07:00","17256800083","R-9100000723/null null","100","0","906703"
"804","2021-04-01 07:00","17256800092","R-8100000724/null null","0","100100","1006803"
"805","2021-04-01 07:00","17256800092","R-8100000724/null null","100100","0","54992736"
"806","2021-04-01 07:00","17256800100","R-8100000725/null null","0","100","1006903"
"807","2021-04-01 07:00","17256800100","R-8100000725/null null","100","0","54992636"
"808","2021-04-01 07:00","17256800123","R-9100000727/null null","0","100","13080"
"809","2021-04-01 07:00","17256800123","R-9100000727/null null","100","0","1006803"
"810","2021-04-01 07:00","17256800132","R-8100000728/null null","0","100100","1106903"
"811","2021-04-01 07:00","17256800132","R-8100000728/null null","100100","0","54892536"
"812","2021-04-01 07:00","17256800140","R-8100000729/null null","0","100","1107003"
"813","2021-04-01 07:00","17256800140","R-8100000729/null null","100","0","54892436"
"814","2021-04-01 07:00","17256800156","R-9100000731/null null","0","100","13180"
"815","2021-04-01 07:00","17256800156","R-9100000731/null null","100","0","1106903"
"816","2021-04-01 07:00","17256800391","R-8100000721/null null","0","100","1107003"
"817","2021-04-01 07:00","17256800391","R-8100000721/null null","100","0","54892336"
"818","2021-04-01 23:00","17314400657","R-8100000756/null null","0","100100","1207103"
"819","2021-04-01 23:00","17314400657","R-8100000756/null null","100100","0","54792236"
"820","2021-04-01 23:00","17314400712","R-8100000757/null null","0","100","1207203"
"821","2021-04-01 23:00","17314400712","R-8100000757/null null","100","0","54792136"
"822","2021-04-01 23:00","17314400755","R-9100000759/null null","0","100","13280"
"823","2021-04-01 23:00","17314400755","R-9100000759/null null","100","0","1207103"
"824","2021-04-02 00:00","17318000735","R-8100000760/null null","0","100100","1307203"
"825","2021-04-02 00:00","17318000735","R-8100000760/null null","100100","0","54692036"
"826","2021-04-02 00:00","17318000745","R-8100000761/null null","0","100","1307303"
"827","2021-04-02 00:00","17318000745","R-8100000761/null null","100","0","54691936"
"828","2021-04-02 00:00","17318000769","R-8100000764/null null","0","100100","1407403"
"829","2021-04-02 00:00","17318000769","R-8100000764/null null","100100","0","54591836"
"830","2021-04-02 00:00","17318000781","R-8100000765/null null","0","100","1407503"
"831","2021-04-02 00:00","17318000781","R-8100000765/null null","100","0","54591736"
"832","2021-04-02 00:00","17318000817","R-9100000767/null null","0","100","13380"
"833","2021-04-02 00:00","17318000817","R-9100000767/null null","100","0","1407403"
"834","2021-04-02 00:00","17318000826","R-8100000768/null null","0","100100","1507503"
"835","2021-04-02 00:00","17318000826","R-8100000768/null null","100100","0","54491636"
"836","2021-04-02 00:00","17318000834","R-8100000769/null null","0","100","1507603"
"837","2021-04-02 00:00","17318000834","R-8100000769/null null","100","0","54491536"
"838","2021-04-02 00:00","17318000874","R-9100000763/null null","0","100","13480"
"839","2021-04-02 00:00","17318000874","R-9100000763/null null","100","0","1507503"
"840","2021-04-02 00:00","17318000911","R-9100000771/null null","0","100","13580"
"841","2021-04-02 00:00","17318000911","R-9100000771/null null","100","0","1507403"
"842","2021-04-02 08:00","17346800686","R-8100000772/null null","0","100100","1607503"
"843","2021-04-02 08:00","17346800686","R-8100000772/null null","100100","0","54391436"
"844","2021-04-02 08:00","17346800696","R-8100000773/null null","0","100","1607603"
"845","2021-04-02 08:00","17346800696","R-8100000773/null null","100","0","54391336"
"846","2021-04-02 08:00","17346800717","R-9100000775/null null","0","100","13680"
"847","2021-04-02 08:00","17346800717","R-9100000775/null null","100","0","1607503"
"848","2021-04-02 08:00","17346800806","R-8100000776/null null","0","100100","1707603"
"849","2021-04-02 08:00","17346800806","R-8100000776/null null","100100","0","54291236"
"850","2021-04-02 08:00","17346800820","R-8100000777/null null","0","100","1707703"
"851","2021-04-02 08:00","17346800820","R-8100000777/null null","100","0","54291136"
"852","2021-04-02 08:00","17346800848","R-9100000779/null null","0","100","13780"
"853","2021-04-02 08:00","17346800848","R-9100000779/null null","100","0","1707603"
"854","2021-04-02 09:00","17350400091","R-8100000780/null null","0","100100","1807703"
"855","2021-04-02 09:00","17350400091","R-8100000780/null null","100100","0","54191036"
"856","2021-04-02 09:00","17350400101","R-8100000784/null null","0","100100","1907803"
"857","2021-04-02 09:00","17350400101","R-8100000784/null null","100100","0","54090936"
"858","2021-04-02 09:00","17350400118","R-9100000787/null null","0","100","13880"
"859","2021-04-02 09:00","17350400118","R-9100000787/null null","100","0","1907703"
"860","2021-04-02 09:00","17350400127","R-8100000788/null null","0","100100","2007803"
"861","2021-04-02 09:00","17350400127","R-8100000788/null null","100100","0","53990836"
"862","2021-04-02 09:00","17350400161","R-9100000791/null null","0","100","13980"
"863","2021-04-02 09:00","17350400161","R-9100000791/null null","100","0","2007703"
"864","2021-04-02 09:00","17350400184","R-8100000793/null null","0","100","2007803"
"865","2021-04-02 09:00","17350400184","R-8100000793/null null","100","0","53990736"
"866","2021-04-02 09:00","17350400443","R-8100000781/null null","0","100","2007903"
"867","2021-04-02 09:00","17350400443","R-8100000781/null null","100","0","53990636"
"868","2021-04-02 09:00","17350400463","R-9100000783/null null","0","100","14080"
"869","2021-04-02 09:00","17350400463","R-9100000783/null null","100","0","2007803"
"870","2021-04-02 09:00","17350400490","R-8100000785/null null","0","100","2007903"
"871","2021-04-02 09:00","17350400490","R-8100000785/null null","100","0","53990536"
"872","2021-04-02 09:00","17350400500","R-8100000789/null null","0","100","2008003"
"873","2021-04-02 09:00","17350400500","R-8100000789/null null","100","0","53990436"
"874","2021-04-02 09:00","17350400543","R-8100000792/null null","0","100100","2108103"
"875","2021-04-02 09:00","17350400543","R-8100000792/null null","100100","0","53890336"
"876","2021-04-02 09:00","17350400562","R-9100000795/null null","0","100","14180"
"877","2021-04-02 09:00","17350400562","R-9100000795/null null","100","0","2108003"
"878","2021-04-02 09:00","17350400588","R-9100000799/null null","0","100","14280"
"879","2021-04-02 09:00","17350400588","R-9100000799/null null","100","0","2107903"
"880","2021-04-02 09:00","17350400649","R-8100000796/null null","0","100100","2208003"
"881","2021-04-02 09:00","17350400649","R-8100000796/null null","100100","0","53790236"
"882","2021-04-02 09:00","17350400660","R-8100000797/null null","0","100","2208103"
"883","2021-04-02 09:00","17350400660","R-8100000797/null null","100","0","53790136"
"884","2021-04-02 09:00","17350400858","R-8100000800/null null","0","100100","2308203"
"885","2021-04-02 09:00","17350400858","R-8100000800/null null","100100","0","53690036"
"886","2021-04-02 09:00","17350400868","R-8100000801/null null","0","100","2308303"
"887","2021-04-02 09:00","17350400868","R-8100000801/null null","100","0","53689936"
"888","2021-04-02 09:00","17350400893","R-9100000803/null null","0","100","14380"
"889","2021-04-02 09:00","17350400893","R-9100000803/null null","100","0","2308203"
"890","2021-04-02 09:00","17350401006","R-8100000804/null null","0","100100","2408303"
"891","2021-04-02 09:00","17350401006","R-8100000804/null null","100100","0","53589836"
"892","2021-04-02 09:00","17350401013","R-8100000805/null null","0","100","2408403"
"893","2021-04-02 09:00","17350401013","R-8100000805/null null","100","0","53589736"
"894","2021-04-02 09:00","17350401029","R-9100000807/null null","0","100","14480"
"895","2021-04-02 09:00","17350401029","R-9100000807/null null","100","0","2408303"
"896","2021-04-02 09:00","17350401042","R-8100000808/null null","0","100100","2508403"
"897","2021-04-02 09:00","17350401042","R-8100000808/null null","100100","0","53489636"
"898","2021-04-02 09:00","17350401071","R-8100000809/null null","0","100","2508503"
"899","2021-04-02 09:00","17350401071","R-8100000809/null null","100","0","53489536"
"900","2021-04-02 09:00","17350401109","R-9100000811/null null","0","100","14580"
"901","2021-04-02 09:00","17350401109","R-9100000811/null null","100","0","2508403"
"902","2021-04-02 09:00","17350401292","R-8100000812/null null","0","100100","2608503"
"903","2021-04-02 09:00","17350401292","R-8100000812/null null","100100","0","53389436"
"904","2021-04-02 09:00","17350401307","R-8100000813/null null","0","100","2608603"
"905","2021-04-02 09:00","17350401307","R-8100000813/null null","100","0","53389336"
"906","2021-04-02 09:00","17350401347","R-9100000815/null null","0","100","14680"
"907","2021-04-02 09:00","17350401347","R-9100000815/null null","100","0","2608503"
"908","2021-04-02 10:00","17354001055","R-8100000816/null null","0","10000","2618503"
"909","2021-04-02 10:00","17354001055","R-8100000816/null null","10000","0","53379336"
"910","2021-04-02 10:00","17354001072","R-8100000817/null null","0","100","2618603"
"911","2021-04-02 10:00","17354001072","R-8100000817/null null","100","0","53379236"
"912","2021-04-02 10:00","17354001130","R-9100000819/null null","0","100","14780"
"913","2021-04-02 10:00","17354001130","R-9100000819/null null","100","0","2618503"
"914","2021-04-04 18:00","17555600517","R-8100000820/null null","0","100100","2718603"
"915","2021-04-04 18:00","17555600517","R-8100000820/null null","100100","0","53279136"
"916","2021-04-04 18:00","17555600571","R-8100000821/null null","0","100","2718703"
"917","2021-04-04 18:00","17555600571","R-8100000821/null null","100","0","53279036"
"918","2021-04-04 18:00","17555600614","R-9100000823/null null","0","100","14880"
"919","2021-04-04 18:00","17555600614","R-9100000823/null null","100","0","2718603"
"920","2021-04-05 10:00","17613200684","R-8100000824/null null","0","100100","2818703"
"921","2021-04-05 10:00","17613200684","R-8100000824/null null","100100","0","53178936"
"922","2021-04-05 10:00","17613200704","R-8100000825/null null","0","100","2818803"
"923","2021-04-05 10:00","17613200704","R-8100000825/null null","100","0","53178836"
"924","2021-04-05 10:00","17613200720","R-9100000827/null null","0","100","14980"
"925","2021-04-05 10:00","17613200720","R-9100000827/null null","100","0","2818703"
"926","2021-04-05 10:00","17613200729","R-8100000828/null null","0","100100","2918803"
"927","2021-04-05 10:00","17613200729","R-8100000828/null null","100100","0","53078736"
"928","2021-04-05 10:00","17613200803","R-8100000829/null null","0","100","2918903"
"929","2021-04-05 10:00","17613200803","R-8100000829/null null","100","0","53078636"
"930","2021-04-05 10:00","17613200815","R-9100000831/null null","0","100","15080"
"931","2021-04-05 10:00","17613200815","R-9100000831/null null","100","0","2918803"
"932","2021-04-05 11:00","17616800700","R-8100000832/null null","0","100100","3018903"
"933","2021-04-05 11:00","17616800700","R-8100000832/null null","100100","0","52978536"
"934","2021-04-05 11:00","17616800710","R-8100000833/null null","0","100","3019003"
"935","2021-04-05 11:00","17616800710","R-8100000833/null null","100","0","52978436"
"936","2021-04-05 11:00","17616800738","R-9100000835/null null","0","100","15180"
"937","2021-04-05 11:00","17616800738","R-9100000835/null null","100","0","3018903"
"938","2021-04-05 11:00","17616800839","R-8100000836/null null","0","100100","3119003"
"939","2021-04-05 11:00","17616800839","R-8100000836/null null","100100","0","52878336"
"940","2021-04-05 11:00","17616800919","R-8100000837/null null","0","100","3119103"
"941","2021-04-05 11:00","17616800919","R-8100000837/null null","100","0","52878236"
"942","2021-04-05 11:00","17616800937","R-9100000839/null null","0","100","15280"
"943","2021-04-05 11:00","17616800937","R-9100000839/null null","100","0","3119003"
"944","2021-04-05 11:00","17616800962","R-8100000840/null null","0","100100","3219103"
"945","2021-04-05 11:00","17616800962","R-8100000840/null null","100100","0","52778136"
"946","2021-04-05 11:00","17616800986","R-8100000841/null null","0","100","3219203"
"947","2021-04-05 11:00","17616800986","R-8100000841/null null","100","0","52778036"
"948","2021-04-05 11:00","17616801003","R-9100000843/null null","0","100","15380"
"949","2021-04-05 11:00","17616801003","R-9100000843/null null","100","0","3219103"
"950","2021-04-05 11:00","17616801013","R-8100000844/null null","0","100100","3319203"
"951","2021-04-05 11:00","17616801013","R-8100000844/null null","100100","0","52677936"
"952","2021-04-05 11:00","17616801022","R-8100000845/null null","0","100","3319303"
"953","2021-04-05 11:00","17616801022","R-8100000845/null null","100","0","52677836"
"954","2021-04-05 11:00","17616801039","R-9100000847/null null","0","100","15480"
"955","2021-04-05 11:00","17616801039","R-9100000847/null null","100","0","3319203"
"956","2021-04-05 11:00","17616801047","R-8100000848/null null","0","100100","3419303"
"957","2021-04-05 11:00","17616801047","R-8100000848/null null","100100","0","52577736"
"958","2021-04-05 11:00","17616801056","R-8100000849/null null","0","100","3419403"
"959","2021-04-05 11:00","17616801056","R-8100000849/null null","100","0","52577636"
"960","2021-04-05 11:00","17616801190","R-9100000851/null null","0","100","15580"
"961","2021-04-05 11:00","17616801190","R-9100000851/null null","100","0","3419303"
"962","2021-04-05 12:00","17620400456","R-8100000856/null null","0","100100","3519403"
"963","2021-04-05 12:00","17620400456","R-8100000856/null null","100100","0","52477536"
"964","2021-04-05 12:00","17620400466","R-8100000857/null null","0","100","3519503"
"965","2021-04-05 12:00","17620400466","R-8100000857/null null","100","0","52477436"
"966","2021-04-05 12:00","17620400521","R-9100000859/null null","0","100","15680"
"967","2021-04-05 12:00","17620400521","R-9100000859/null null","100","0","3519403"
"968","2021-04-05 12:00","17620401411","R-8100000852/null null","0","100100","3619503"
"969","2021-04-05 12:00","17620401411","R-8100000852/null null","100100","0","52377336"
"970","2021-04-05 12:00","17620401420","R-8100000853/null null","0","100","3619603"
"971","2021-04-05 12:00","17620401420","R-8100000853/null null","100","0","52377236"
"972","2021-04-05 12:00","17620401439","R-9100000855/null null","0","100","15780"
"973","2021-04-05 12:00","17620401439","R-9100000855/null null","100","0","3619503"
"974","2021-04-05 16:00","17634800301","R-9100000863/null null","0","100","15880"
"975","2021-04-05 16:00","17634800301","R-9100000863/null null","100","0","3619403"
"976","2021-04-05 16:00","17634800902","R-8100000860/null null","0","100100","3719503"
"977","2021-04-05 16:00","17634800902","R-8100000860/null null","100100","0","52277136"
"978","2021-04-05 16:00","17634800910","R-8100000861/null null","0","100","3719603"
"979","2021-04-05 16:00","17634800910","R-8100000861/null null","100","0","52277036"